<?xml version="1.0" encoding="UTF-8" ?>
<XMLDB PATH="question/type/coderunner/db" VERSION="20141110" COMMENT="XMLDB file for Moodle question/type/coderunner"
    xmlns:xsi="http://www.w3.org/2001/XMLSchema-instance"
    xsi:noNamespaceSchemaLocation="../../../../lib/xmldb/xmldb.xsd"
>
  <TABLES>
    <TABLE NAME="question_coderunner_options" COMMENT="Extension of the coderunner question table">
      <FIELDS>
        <FIELD NAME="id" TYPE="int" LENGTH="10" NOTNULL="true" SEQUENCE="true" COMMENT="Every home should have one"/>
        <FIELD NAME="questionid" TYPE="int" LENGTH="10" NOTNULL="true" SEQUENCE="false" COMMENT="The question this option applies to"/>
        <FIELD NAME="coderunnertype" TYPE="char" LENGTH="255" NOTNULL="true" SEQUENCE="false" COMMENT="The name of the prototype question from which this question inherits. It should be a valid question name within the current question category or one of its ancestors."/>
        <FIELD NAME="prototypetype" TYPE="int" LENGTH="1" NOTNULL="true" DEFAULT="0" SEQUENCE="false" COMMENT="0 =&amp;gt; not a prototype, 1 =&amp;gt; built-in prototype, 2 =&amp;gt; user_defined prototype"/>
        <FIELD NAME="allornothing" TYPE="int" LENGTH="1" NOTNULL="true" DEFAULT="1" SEQUENCE="false" COMMENT="True if answer must pass all test cases to earn any marks"/>
        <FIELD NAME="showsource" TYPE="int" LENGTH="1" NOTNULL="true" DEFAULT="0" SEQUENCE="false" COMMENT="True to display full source code after template expansion, for debugging template."/>
        <FIELD NAME="answerboxlines" TYPE="int" LENGTH="5" NOTNULL="true" DEFAULT="18" SEQUENCE="false" COMMENT="The number of lines for the answer box"/>
        <FIELD NAME="answerboxcolumns" TYPE="int" LENGTH="5" NOTNULL="true" DEFAULT="100" SEQUENCE="false" COMMENT="Number of columns of answerbox."/>
        <FIELD NAME="useace" TYPE="int" LENGTH="1" NOTNULL="true" DEFAULT="1" SEQUENCE="false" COMMENT="True to use the Ace code editor to control the student answer"/>
        <FIELD NAME="penaltyregime" TYPE="char" LENGTH="255" NOTNULL="true" SEQUENCE="false" COMMENT="A comma-separated list of percentage penalties to apply to each submission. If empty use default question penalty"/>
        <FIELD NAME="showtest" TYPE="int" LENGTH="1" NOTNULL="false" DEFAULT="1" SEQUENCE="false" COMMENT="True if the test column of the results table is to be displayed to students. DEFUNCT. See resultcolumns."/>
        <FIELD NAME="showstdin" TYPE="int" LENGTH="1" NOTNULL="false" DEFAULT="1" SEQUENCE="false" COMMENT="True if the stdin column of the results table is to be displayed to students.  DEFUNCT. See resultcolumns."/>
        <FIELD NAME="showexpected" TYPE="int" LENGTH="1" NOTNULL="false" DEFAULT="1" SEQUENCE="false" COMMENT="True if the expected column of the results table is to be displayed to students.  DEFUNCT. See resultcolumns."/>
        <FIELD NAME="showoutput" TYPE="int" LENGTH="1" NOTNULL="false" DEFAULT="1" SEQUENCE="false" COMMENT="True if the output column of the results table is to be displayed to students.  DEFUNCT. See resultcolumns."/>
        <FIELD NAME="answer" TYPE="text" NOTNULL="false" SEQUENCE="false" COMMENT="A solution to the problem. Should satisfy all the test cases (and may be used to generate solutions to them)."/>
        <FIELD NAME="enablecombinator" TYPE="int" LENGTH="1" NOTNULL="false" SEQUENCE="false" COMMENT="True if the combinator template may be used. True for most built-in questions (i.e. the prototypes) and false for most other customised questions."/>
        <FIELD NAME="showmark" TYPE="int" LENGTH="1" NOTNULL="false" DEFAULT="0" SEQUENCE="false" COMMENT="True if the mark column of the results table is to be displayed to students.  DEFUNCT. See resultcolumns."/>
        <FIELD NAME="resultcolumns" TYPE="char" LENGTH="255" NOTNULL="false" SEQUENCE="false" COMMENT="A JSON record defining which result fields to display in the results table and what column name to use."/>
        <FIELD NAME="combinatortemplate" TYPE="text" NOTNULL="false" SEQUENCE="false" COMMENT="An optional template to be used to combine all tests into a single run"/>
        <FIELD NAME="testsplitterre" TYPE="char" LENGTH="255" NOTNULL="false" SEQUENCE="false" COMMENT="The regular expression argument to preg_split to split output from the combinator run into the basic tests again. Meaningful only if combinator template provided"/>
        <FIELD NAME="pertesttemplate" TYPE="text" NOTNULL="false" SEQUENCE="false" COMMENT="A template to build a test run for each test case. Required."/>
        <FIELD NAME="templateparams" TYPE="char" LENGTH="255" NOTNULL="false" SEQUENCE="false" COMMENT="A json-encoded record of extra parameters to pass to the template engine when building the source code to be executed."/>
        <FIELD NAME="language" TYPE="char" LENGTH="255" NOTNULL="false" SEQUENCE="false" COMMENT="The programming language, to be passed to the sandbox"/>
        <FIELD NAME="acelang" TYPE="char" LENGTH="255" NOTNULL="false" SEQUENCE="false" COMMENT="The language to configure the ace editor (if used). Required only if that language is different from the template language, which is what's used by default."/>
        <FIELD NAME="sandbox" TYPE="char" LENGTH="255" NOTNULL="false" SEQUENCE="false" COMMENT="The PHP class name of a specific sandbox to use. If null, a default one for the language is used."/>
        <FIELD NAME="sandboxparams" TYPE="char" LENGTH="255" NOTNULL="false" SEQUENCE="false" COMMENT="JSON-encoded extra parameters to sandbox."/>
        <FIELD NAME="grader" TYPE="char" LENGTH="255" NOTNULL="false" SEQUENCE="false" COMMENT="The PHP class name of the grader to use to grade results from the sandbox. If null, the BasicGrader class is used."/>
        <FIELD NAME="cputimelimitsecs" TYPE="int" LENGTH="10" NOTNULL="false" SEQUENCE="false" COMMENT="The maximum CPU time allowed for execution (secs)"/>
        <FIELD NAME="memlimitmb" TYPE="int" LENGTH="10" NOTNULL="false" SEQUENCE="false" COMMENT="The maximum memory allowed for this task execution (MB)"/>
      </FIELDS>
      <KEYS>
        <KEY NAME="primary" TYPE="primary" FIELDS="id"/>
        <KEY NAME="questionid" TYPE="foreign" FIELDS="questionid" REFTABLE="questions" REFFIELDS="id"/>
      </KEYS>
      <INDEXES>
        <INDEX NAME="coderunnertype" UNIQUE="false" FIELDS="coderunnertype"/>
        <INDEX NAME="prototypetype" UNIQUE="false" FIELDS="prototypetype"/>
      </INDEXES>
    </TABLE>
    <TABLE NAME="question_coderunner_tests" COMMENT="Contains test  (usually called 'testcases') to perform on a student's code answer; should output the given output. A test case is regarded as an extension of an 'answer' in Moodle parlance.">
      <FIELDS>
        <FIELD NAME="id" TYPE="int" LENGTH="10" NOTNULL="true" SEQUENCE="true"/>
        <FIELD NAME="questionid" TYPE="int" LENGTH="10" NOTNULL="true" SEQUENCE="false" COMMENT="Foreign key referencing question to which this test case relates"/>
        <FIELD NAME="testcode" TYPE="text" NOTNULL="false" SEQUENCE="false" COMMENT="The code for this test, to be combined with the student's code to construct a test program"/>
        <FIELD NAME="stdin" TYPE="text" NOTNULL="false" SEQUENCE="false" COMMENT="The standard input to the program during the test. Empty for most questions"/>
        <FIELD NAME="expected" TYPE="text" NOTNULL="false" SEQUENCE="false" COMMENT="The expected output after running the student's code and executing the shell input"/>
        <FIELD NAME="extra" TYPE="text" NOTNULL="false" SEQUENCE="false" COMMENT="An extra per-test-case field for templates that need more parameters than just testcode, stdin and expected."/>
        <FIELD NAME="useasexample" TYPE="int" LENGTH="1" NOTNULL="true" DEFAULT="0" SEQUENCE="false" COMMENT="True if this testcase is to be displayed in the spec as an example of how the function works."/>
        <FIELD NAME="display" TYPE="char" LENGTH="30" NOTNULL="true" DEFAULT="SHOW" SEQUENCE="false" COMMENT="Controls display of this testcase to the students. One of SHOW, HIDE, HIDE_IF_FAIL, HIDE_IF_SUCCEED"/>
        <FIELD NAME="hiderestiffail" TYPE="int" LENGTH="1" NOTNULL="true" DEFAULT="0" SEQUENCE="false" COMMENT="If this test fails, hide all subsequent tests regardless of their display settings"/>
        <FIELD NAME="mark" TYPE="number" LENGTH="8" NOTNULL="true" DEFAULT="1.0" SEQUENCE="false" DECIMALS="3" COMMENT="Mark for this testcase (only if not an all_or_nothing question)"/>
      </FIELDS>
      <KEYS>
        <KEY NAME="primary" TYPE="primary" FIELDS="id"/>
        <KEY NAME="questionid" TYPE="foreign" FIELDS="questionid" REFTABLE="questions" REFFIELDS="id"/>
      </KEYS>
    </TABLE>
  </TABLES>
</XMLDB>