<?xml version="1.0" encoding="UTF-8"?>
<quiz>

<!-- question: 835  -->
  <question type="coderunner">
    <name>
      <text>C sqr</text>
    </name>
    <questiontext format="html">
      <text><![CDATA[<p>Write a C function with signature <i>int sqr(int n)</i>&nbsp;that returns the square of its parameter <i>n</i>.</p>]]></text>
    </questiontext>
    <generalfeedback format="html">
      <text><![CDATA[<p><br></p><p>&nbsp; &nbsp;&nbsp;</p>]]></text>
    </generalfeedback>
    <defaultgrade>1.0000000</defaultgrade>
    <penalty>0.3333333</penalty>
    <hidden>0</hidden>
    <coderunnertype>c_function</coderunnertype>
    <prototypetype>0</prototypetype>
    <allornothing>1</allornothing>
    <penaltyregime>0, 10, 20, ...</penaltyregime>
    <showsource>0</showsource>
    <answerboxlines>8</answerboxlines>
    <answerboxcolumns>60</answerboxcolumns>
    <useace>1</useace>
    <resultcolumns></resultcolumns>
    <answer></answer>
    <combinatortemplate></combinatortemplate>
    <testsplitterre></testsplitterre>
    <enablecombinator></enablecombinator>
    <pertesttemplate></pertesttemplate>
    <language></language>
    <acelang></acelang>
    <sandbox></sandbox>
    <grader></grader>
    <cputimelimitsecs></cputimelimitsecs>
    <memlimitmb></memlimitmb>
    <sandboxparams></sandboxparams>
    <templateparams></templateparams>
    <testcases>
      <testcase useasexample="1" hiderestiffail="0" mark="1.0000000" >
      <testcode>
                <text><![CDATA[printf("%d\n", sqr(-11))]]></text>
      </testcode>
      <stdin>
                <text></text>
      </stdin>
      <expected>
                <text>121</text>
      </expected>
      <extra>
                <text></text>
      </extra>
      <display>
                <text>SHOW</text>
      </display>
    </testcase>
      <testcase useasexample="1" hiderestiffail="0" mark="1.0000000" >
      <testcode>
                <text><![CDATA[printf("%d\n", sqr(9))]]></text>
      </testcode>
      <stdin>
                <text></text>
      </stdin>
      <expected>
                <text>81</text>
      </expected>
      <extra>
                <text></text>
      </extra>
      <display>
                <text>SHOW</text>
      </display>
    </testcase>
      <testcase useasexample="0" hiderestiffail="0" mark="1.0000000" >
      <testcode>
                <text><![CDATA[printf("%d\n", sqr(-1000))]]></text>
      </testcode>
      <stdin>
                <text></text>
      </stdin>
      <expected>
                <text>1000000</text>
      </expected>
      <extra>
                <text></text>
      </extra>
      <display>
                <text>SHOW</text>
      </display>
    </testcase>
      <testcase useasexample="0" hiderestiffail="0" mark="1.0000000" >
      <testcode>
                <text><![CDATA[printf("%d\n", sqr(0))]]></text>
      </testcode>
      <stdin>
                <text></text>
      </stdin>
      <expected>
                <text>0</text>
      </expected>
      <extra>
                <text></text>
      </extra>
      <display>
                <text>SHOW</text>
      </display>
    </testcase>
      <testcase useasexample="0" hiderestiffail="0" mark="1.0000000" >
      <testcode>
                <text><![CDATA[printf("%d\n", sqr(8))]]></text>
      </testcode>
      <stdin>
                <text></text>
      </stdin>
      <expected>
                <text>64</text>
      </expected>
      <extra>
                <text></text>
      </extra>
      <display>
                <text>HIDE</text>
      </display>
    </testcase>
    </testcases>
  </question>

<!-- question: 837  -->
  <question type="coderunner">
    <name>
      <text>C string lengths</text>
    </name>
    <questiontext format="html">
      <text><![CDATA[<p>Write a C function with signature <i>void printStringLengths(int numStrings, char **strings) </i>that takes an array of strings <i>strings</i>&nbsp;of length <i>numStrings &gt;= 0</i>&nbsp;and prints the length of each string, one length per line.</p>]]></text>
    </questiontext>
    <generalfeedback format="html">
      <text></text>
    </generalfeedback>
    <defaultgrade>1.0000000</defaultgrade>
    <penalty>0.3333333</penalty>
    <hidden>0</hidden>
    <coderunnertype>c_function</coderunnertype>
    <prototypetype>0</prototypetype>
    <allornothing>1</allornothing>
    <penaltyregime>0, 10, 20, ...</penaltyregime>
    <showsource>0</showsource>
    <answerboxlines>12</answerboxlines>
    <answerboxcolumns>90</answerboxcolumns>
    <useace>1</useace>
    <resultcolumns></resultcolumns>
    <answer><![CDATA[void printStringLengths(int numStrings, char **strings) {
    for (int i = 0; i < numStrings; i++) {
        printf("%zu\n", strlen(strings[i]));
    }
}]]></answer>
    <combinatortemplate></combinatortemplate>
    <testsplitterre></testsplitterre>
    <enablecombinator></enablecombinator>
    <pertesttemplate></pertesttemplate>
    <language></language>
    <acelang></acelang>
    <sandbox></sandbox>
    <grader></grader>
    <cputimelimitsecs></cputimelimitsecs>
    <memlimitmb></memlimitmb>
    <sandboxparams></sandboxparams>
    <templateparams></templateparams>
    <testcases>
      <testcase useasexample="1" hiderestiffail="0" mark="1.0000000" >
      <testcode>
                <text><![CDATA[char *s[4] = {"x", "yy", "zzz", "1234"};
printStringLengths(4, s)]]></text>
      </testcode>
      <stdin>
                <text></text>
      </stdin>
      <expected>
                <text>1
2
3
4</text>
      </expected>
      <extra>
                <text></text>
      </extra>
      <display>
                <text>SHOW</text>
      </display>
    </testcase>
      <testcase useasexample="0" hiderestiffail="0" mark="1.0000000" >
      <testcode>
                <text><![CDATA[char *s[1] = {"12345678910"};
printStringLengths(1, s);]]></text>
      </testcode>
      <stdin>
                <text></text>
      </stdin>
      <expected>
                <text>11</text>
      </expected>
      <extra>
                <text></text>
      </extra>
      <display>
                <text>SHOW</text>
      </display>
    </testcase>
      <testcase useasexample="0" hiderestiffail="0" mark="1.0000000" >
      <testcode>
                <text>printStringLengths(0, NULL);</text>
      </testcode>
      <stdin>
                <text></text>
      </stdin>
      <expected>
                <text></text>
      </expected>
      <extra>
                <text></text>
      </extra>
      <display>
                <text>SHOW</text>
      </display>
    </testcase>
      <testcase useasexample="0" hiderestiffail="0" mark="1.0000000" >
      <testcode>
                <text><![CDATA[char *ss[2] = {"", ""};
printStringLengths(2, ss);]]></text>
      </testcode>
      <stdin>
                <text></text>
      </stdin>
      <expected>
                <text>0
0</text>
      </expected>
      <extra>
                <text></text>
      </extra>
      <display>
                <text>SHOW</text>
      </display>
    </testcase>
      <testcase useasexample="0" hiderestiffail="0" mark="1.0000000" >
      <testcode>
                <text><![CDATA[char *ss[2] = {"x", "y"};
printStringLengths(2, ss);]]></text>
      </testcode>
      <stdin>
                <text></text>
      </stdin>
      <expected>
                <text>1
1</text>
      </expected>
      <extra>
                <text></text>
      </extra>
      <display>
                <text>HIDE</text>
      </display>
    </testcase>
    </testcases>
  </question>

<!-- question: 848  -->
  <question type="coderunner">
    <name>
      <text>Java Demo Class Question</text>
    </name>
    <questiontext format="html">
      <text><![CDATA[<p>Write a Java class Bod, representing a person, to satisfy the following requirements:</p><p></p><ol><li>There is a constructor that takes two parameters: a <i>String </i>name, being the name of the person, and an <i>int</i>&nbsp;age, being the age of the person.</li><li>There are getter methods <i>getName()</i>&nbsp;and <i>getAge() </i>that return the person's name and age respectively.</li><li>This is a method <i>growOlder(nYears)</i>&nbsp;that increments the persons age by <i>nYears</i>&nbsp;(an integer).</li></ol><p></p>]]></text>
    </questiontext>
    <generalfeedback format="html">
      <text></text>
    </generalfeedback>
    <defaultgrade>1.0000000</defaultgrade>
    <penalty>0.3333333</penalty>
    <hidden>0</hidden>
    <coderunnertype>java_class</coderunnertype>
    <prototypetype>0</prototypetype>
    <allornothing>1</allornothing>
    <penaltyregime>0,10,20,...</penaltyregime>
    <showsource>0</showsource>
    <answerboxlines>25</answerboxlines>
    <answerboxcolumns>80</answerboxcolumns>
    <useace>1</useace>
    <resultcolumns></resultcolumns>
    <answer>public class Bod {
    private String name;
    private int age;
    
    public Bod(String name, int age) {
        this.name = name;
        this.age = age;
    }
    
    public String getName() {
        return this.name;
    }
    
    public int getAge() {
        return this.age;
    }
    
    public void growOlder(int nYears) {
        this.age += nYears;
    }
}</answer>
    <combinatortemplate></combinatortemplate>
    <testsplitterre></testsplitterre>
    <enablecombinator></enablecombinator>
    <pertesttemplate>{{ STUDENT_ANSWER | replace({'public class ': 'class '}) }}

public class __Tester__ {

    public static void main(String[] args) {
        __Tester__ main = new __Tester__();
        main.runTests();
    }

    public void runTests() {
        {{ TEST.testcode }};
    }
}
</pertesttemplate>
    <language></language>
    <acelang></acelang>
    <sandbox></sandbox>
    <grader>EqualityGrader</grader>
    <cputimelimitsecs></cputimelimitsecs>
    <memlimitmb></memlimitmb>
    <sandboxparams></sandboxparams>
    <templateparams></templateparams>
    <testcases>
      <testcase useasexample="1" hiderestiffail="0" mark="1.0000000" >
      <testcode>
                <text><![CDATA[Bod bod = new Bod("James", 23);
System.out.println(bod.getName() + " " + bod.getAge());
bod.growOlder(13);
System.out.println(bod.getName() + " " + bod.getAge());]]></text>
      </testcode>
      <stdin>
                <text></text>
      </stdin>
      <expected>
                <text>James 23
James 36</text>
      </expected>
      <extra>
                <text></text>
      </extra>
      <display>
                <text>SHOW</text>
      </display>
    </testcase>
      <testcase useasexample="0" hiderestiffail="0" mark="1.0000000" >
      <testcode>
                <text><![CDATA[Bod bod = new Bod("Angus McGurkinshaw", 99);
System.out.println(bod.getName() + " " + bod.getAge());
bod.growOlder(2);
System.out.println(bod.getName() + " " + bod.getAge());]]></text>
      </testcode>
      <stdin>
                <text></text>
      </stdin>
      <expected>
                <text>Angus McGurkinshaw 99
Angus McGurkinshaw 101</text>
      </expected>
      <extra>
                <text></text>
      </extra>
      <display>
                <text>SHOW</text>
      </display>
    </testcase>
      <testcase useasexample="0" hiderestiffail="0" mark="1.0000000" >
      <testcode>
                <text><![CDATA[Bod bod = new Bod("Angus McGurkinshaw", 99);
System.out.println(bod.getName() + " " + bod.getAge());
bod.growOlder(3);
System.out.println(bod.getName() + " " + bod.getAge());]]></text>
      </testcode>
      <stdin>
                <text></text>
      </stdin>
      <expected>
                <text>Angus McGurkinshaw 99
Angus McGurkinshaw 102</text>
      </expected>
      <extra>
                <text></text>
      </extra>
      <display>
                <text>HIDE</text>
      </display>
    </testcase>
    </testcases>
  </question>

<!-- question: 849  -->
  <question type="coderunner">
    <name>
      <text>Java file reader</text>
    </name>
    <questiontext format="html">
      <text><![CDATA[<p>Write a Java program&nbsp;that reads and processes standard input. Each input line is a sequence of one or more integers, separated by commas. For each line of input the program should print the total of the integers in the input line. The program terminates if a blank line is read or if end-of-file occurs.</p>]]></text>
    </questiontext>
    <generalfeedback format="html">
      <text></text>
    </generalfeedback>
    <defaultgrade>1.0000000</defaultgrade>
    <penalty>0.3333333</penalty>
    <hidden>0</hidden>
    <coderunnertype>java_program</coderunnertype>
    <prototypetype>0</prototypetype>
    <allornothing>1</allornothing>
    <penaltyregime>0, 10, 20, ...</penaltyregime>
    <showsource>0</showsource>
    <answerboxlines>25</answerboxlines>
    <answerboxcolumns>80</answerboxcolumns>
    <useace>1</useace>
    <resultcolumns></resultcolumns>
    <answer><![CDATA[import java.util.Scanner;

public class FileReader {
    public static void main(String[] args) {
        Scanner scanner = new Scanner(System.in);
        String line = scanner.hasNextLine() ? scanner.nextLine() : "";
        while (line.length() != 0) {
            String[] numbers = line.split(",");
            int total = 0;
            for (int i = 0; i < numbers.length; i++) {
                total += Integer.parseInt(numbers[i]);
            }
            System.out.printf("%d\n", total);
            line = scanner.hasNextLine() ? scanner.nextLine() : "";
        }
    }
}]]></answer>
    <combinatortemplate></combinatortemplate>
    <testsplitterre></testsplitterre>
    <enablecombinator></enablecombinator>
    <pertesttemplate></pertesttemplate>
    <language></language>
    <acelang></acelang>
    <sandbox></sandbox>
    <grader></grader>
    <cputimelimitsecs></cputimelimitsecs>
    <memlimitmb></memlimitmb>
    <sandboxparams></sandboxparams>
    <templateparams></templateparams>
    <testcases>
      <testcase useasexample="1" hiderestiffail="0" mark="1.0000000" >
      <testcode>
                <text></text>
      </testcode>
      <stdin>
                <text>10,20,30
99

shouldn't get here</text>
      </stdin>
      <expected>
                <text>60
99</text>
      </expected>
      <extra>
                <text></text>
      </extra>
      <display>
                <text>SHOW</text>
      </display>
    </testcase>
      <testcase useasexample="0" hiderestiffail="0" mark="1.0000000" >
      <testcode>
                <text></text>
      </testcode>
      <stdin>
                <text>10,20,30
99</text>
      </stdin>
      <expected>
                <text>60
99</text>
      </expected>
      <extra>
                <text></text>
      </extra>
      <display>
                <text>SHOW</text>
      </display>
    </testcase>
      <testcase useasexample="0" hiderestiffail="0" mark="1.0000000" >
      <testcode>
                <text></text>
      </testcode>
      <stdin>
                <text>1,2,3,4,5,6,7,8,9,10,11,12</text>
      </stdin>
      <expected>
                <text>78</text>
      </expected>
      <extra>
                <text></text>
      </extra>
      <display>
                <text>SHOW</text>
      </display>
    </testcase>
      <testcase useasexample="0" hiderestiffail="0" mark="1.0000000" >
      <testcode>
                <text></text>
      </testcode>
      <stdin>
                <text>
[NB: line above is empty!]</text>
      </stdin>
      <expected>
                <text></text>
      </expected>
      <extra>
                <text></text>
      </extra>
      <display>
                <text>SHOW</text>
      </display>
    </testcase>
      <testcase useasexample="0" hiderestiffail="0" mark="1.0000000" >
      <testcode>
                <text></text>
      </testcode>
      <stdin>
                <text>1</text>
      </stdin>
      <expected>
                <text>1</text>
      </expected>
      <extra>
                <text></text>
      </extra>
      <display>
                <text>SHOW</text>
      </display>
    </testcase>
      <testcase useasexample="0" hiderestiffail="0" mark="1.0000000" >
      <testcode>
                <text></text>
      </testcode>
      <stdin>
                <text>7</text>
      </stdin>
      <expected>
                <text>7</text>
      </expected>
      <extra>
                <text></text>
      </extra>
      <display>
                <text>HIDE</text>
      </display>
    </testcase>
    </testcases>
  </question>

<!-- question: 850  -->
  <question type="coderunner">
    <name>
      <text>Java sum of squares</text>
    </name>
    <questiontext format="html">
      <text><![CDATA[<p>Write a Java method with signature&nbsp;<tt>int sumSquares(int[] data) </tt>that returns the sum of the squares of the elements in a given array of integers. The method must return 0 if the array is empty.</p>]]></text>
    </questiontext>
    <generalfeedback format="html">
      <text></text>
    </generalfeedback>
    <defaultgrade>1.0000000</defaultgrade>
    <penalty>0.3333333</penalty>
    <hidden>0</hidden>
    <coderunnertype>java_method</coderunnertype>
    <prototypetype>0</prototypetype>
    <allornothing>1</allornothing>
    <penaltyregime>0,10,20,...</penaltyregime>
    <showsource>0</showsource>
    <answerboxlines>8</answerboxlines>
    <answerboxcolumns>80</answerboxcolumns>
    <useace>1</useace>
    <resultcolumns></resultcolumns>
    <answer><![CDATA[// The sum of the squares of the elements of array data
int sumSquares(int[] data) {
    int total = 0;
    for (int i = 0; i < data.length; i++) {
        total += data[i] * data[i];
    }
    return total;
}]]></answer>
    <combinatortemplate></combinatortemplate>
    <testsplitterre></testsplitterre>
    <enablecombinator></enablecombinator>
    <pertesttemplate></pertesttemplate>
    <language></language>
    <acelang></acelang>
    <sandbox></sandbox>
    <grader></grader>
    <cputimelimitsecs></cputimelimitsecs>
    <memlimitmb></memlimitmb>
    <sandboxparams></sandboxparams>
    <templateparams></templateparams>
    <testcases>
      <testcase useasexample="1" hiderestiffail="0" mark="1.0000000" >
      <testcode>
                <text>System.out.println(sumSquares(new int[] {2, 3, 5}));</text>
      </testcode>
      <stdin>
                <text></text>
      </stdin>
      <expected>
                <text>38</text>
      </expected>
      <extra>
                <text></text>
      </extra>
      <display>
                <text>SHOW</text>
      </display>
    </testcase>
      <testcase useasexample="0" hiderestiffail="0" mark="1.0000000" >
      <testcode>
                <text>System.out.println(sumSquares(new int[] {-2, -3, 4, 1}));</text>
      </testcode>
      <stdin>
                <text></text>
      </stdin>
      <expected>
                <text>30</text>
      </expected>
      <extra>
                <text></text>
      </extra>
      <display>
                <text>SHOW</text>
      </display>
    </testcase>
      <testcase useasexample="0" hiderestiffail="0" mark="1.0000000" >
      <testcode>
                <text>System.out.println(sumSquares(new int[] {}));</text>
      </testcode>
      <stdin>
                <text></text>
      </stdin>
      <expected>
                <text>0</text>
      </expected>
      <extra>
                <text></text>
      </extra>
      <display>
                <text>SHOW</text>
      </display>
    </testcase>
      <testcase useasexample="0" hiderestiffail="0" mark="1.0000000" >
      <testcode>
                <text>System.out.println(sumSquares(new int[] {100}));</text>
      </testcode>
      <stdin>
                <text></text>
      </stdin>
      <expected>
                <text>10000</text>
      </expected>
      <extra>
                <text></text>
      </extra>
      <display>
                <text>SHOW</text>
      </display>
    </testcase>
      <testcase useasexample="0" hiderestiffail="0" mark="1.0000000" >
      <testcode>
                <text>System.out.println(sumSquares(new int[] {-9}));</text>
      </testcode>
      <stdin>
                <text></text>
      </stdin>
      <expected>
                <text>81</text>
      </expected>
      <extra>
                <text></text>
      </extra>
      <display>
                <text>HIDE</text>
      </display>
    </testcase>
    </testcases>
  </question>

<!-- question: 832  -->
  <question type="coderunner">
    <name>
      <text>Process name</text>
    </name>
    <questiontext format="html">
      <text><![CDATA[<p>Write a python3 program that uses the <i>input()</i>&nbsp;function (with no prompt string) to read a person's name from "standard input" (e.g. the keyboard), and then prints a two-line "Welcome to CodeRunner" message incorporating that name as shown in the example table below. Don't forget to include the period at the end of the message and make sure you have exactly one space after the comma. [This question uses exact matching, so white space matters.]</p>]]></text>
    </questiontext>
    <generalfeedback format="html">
      <text></text>
    </generalfeedback>
    <defaultgrade>1.0000000</defaultgrade>
    <penalty>0.3333333</penalty>
    <hidden>0</hidden>
    <coderunnertype>python3</coderunnertype>
    <prototypetype>0</prototypetype>
    <allornothing>1</allornothing>
    <penaltyregime>0, 10, 20, ...</penaltyregime>
    <showsource>0</showsource>
    <answerboxlines>8</answerboxlines>
    <answerboxcolumns>70</answerboxcolumns>
    <useace>1</useace>
    <resultcolumns></resultcolumns>
    <answer><![CDATA['''This solution is pylint compliant'''
def main():
    '''The main function'''
    name = input()
    print("Welcome to CodeRunner, " + name + ".")
    print("May the force be with you.")
    

main()]]></answer>
    <combinatortemplate></combinatortemplate>
    <testsplitterre></testsplitterre>
    <enablecombinator></enablecombinator>
    <pertesttemplate></pertesttemplate>
    <language></language>
    <acelang></acelang>
    <sandbox></sandbox>
    <grader></grader>
    <cputimelimitsecs></cputimelimitsecs>
    <memlimitmb></memlimitmb>
    <sandboxparams></sandboxparams>
    <templateparams></templateparams>
    <testcases>
      <testcase useasexample="1" hiderestiffail="0" mark="1.0000000" >
      <testcode>
                <text></text>
      </testcode>
      <stdin>
                <text>Angus McGurkinshaw</text>
      </stdin>
      <expected>
                <text>Welcome to CodeRunner, Angus McGurkinshaw.
May the force be with you.</text>
      </expected>
      <extra>
                <text></text>
      </extra>
      <display>
                <text>SHOW</text>
      </display>
    </testcase>
      <testcase useasexample="1" hiderestiffail="0" mark="1.0000000" >
      <testcode>
                <text></text>
      </testcode>
      <stdin>
                <text>Pope Pius IX</text>
      </stdin>
      <expected>
                <text>Welcome to CodeRunner, Pope Pius IX.
May the force be with you.</text>
      </expected>
      <extra>
                <text></text>
      </extra>
      <display>
                <text>SHOW</text>
      </display>
    </testcase>
      <testcase useasexample="0" hiderestiffail="0" mark="1.0000000" >
      <testcode>
                <text></text>
      </testcode>
      <stdin>
                <text>Rumplestiltskin</text>
      </stdin>
      <expected>
                <text>Welcome to CodeRunner, Rumplestiltskin.
May the force be with you.</text>
      </expected>
      <extra>
                <text></text>
      </extra>
      <display>
                <text>SHOW</text>
      </display>
    </testcase>
    </testcases>
  </question>

<!-- question: 833  -->
  <question type="coderunner">
    <name>
      <text>Python loop program</text>
    </name>
    <questiontext format="html">
      <text><![CDATA[<p>Write a Python3 program that repeatedly uses the <i>input()</i>&nbsp;function without a prompt string to read a person's name from standard input and prints a corresponding welcome message until the input line is the string <i>bye</i>, at which point the program exits. The test for <i>bye</i> should be case-insensitive. The welcome message depends only on the first name and whether or not that first name is&nbsp;<i>Richard</i>&nbsp;(case insensitively) as shown in the example table below. The first name is defined to be all text up to but not including the first space or the entire line if no space is present in the line. You may assume the line <i>bye</i>&nbsp;is always present in the input.</p>]]></text>
    </questiontext>
    <generalfeedback format="html">
      <text></text>
    </generalfeedback>
    <defaultgrade>1.0000000</defaultgrade>
    <penalty>0.3333333</penalty>
    <hidden>0</hidden>
    <coderunnertype>python3</coderunnertype>
    <prototypetype>0</prototypetype>
    <allornothing>1</allornothing>
    <penaltyregime>0, 10, 20, ...</penaltyregime>
    <showsource>0</showsource>
    <answerboxlines>18</answerboxlines>
    <answerboxcolumns>100</answerboxcolumns>
    <useace>1</useace>
    <resultcolumns></resultcolumns>
    <answer><![CDATA['''Simple script solution - not pylint compliant'''
name = input()
while name.lower() != 'bye':
    bits = name.split()
    if len(bits) < 2:
        bits = [name]
    if bits[0].lower() == 'richard':
        print('Welcome', bits[0])
    else:
        print('Hi', bits[0])
    name = input()]]></answer>
    <combinatortemplate></combinatortemplate>
    <testsplitterre></testsplitterre>
    <enablecombinator></enablecombinator>
    <pertesttemplate></pertesttemplate>
    <language></language>
    <acelang></acelang>
    <sandbox></sandbox>
    <grader></grader>
    <cputimelimitsecs></cputimelimitsecs>
    <memlimitmb></memlimitmb>
    <sandboxparams></sandboxparams>
    <templateparams></templateparams>
    <testcases>
      <testcase useasexample="1" hiderestiffail="0" mark="1.0000000" >
      <testcode>
                <text></text>
      </testcode>
      <stdin>
                <text>Angus McGurkinshaw III
Richard McClashan
Richardo McClashan
McClashan Richard
RICHARD
Peter Potter
Bye
More rubbish</text>
      </stdin>
      <expected>
                <text>Hi Angus
Welcome Richard
Hi Richardo
Hi McClashan
Welcome RICHARD
Hi Peter</text>
      </expected>
      <extra>
                <text></text>
      </extra>
      <display>
                <text>SHOW</text>
      </display>
    </testcase>
      <testcase useasexample="0" hiderestiffail="0" mark="1.0000000" >
      <testcode>
                <text></text>
      </testcode>
      <stdin>
                <text>Bye</text>
      </stdin>
      <expected>
                <text></text>
      </expected>
      <extra>
                <text></text>
      </extra>
      <display>
                <text>SHOW</text>
      </display>
    </testcase>
      <testcase useasexample="0" hiderestiffail="0" mark="1.0000000" >
      <testcode>
                <text></text>
      </testcode>
      <stdin>
                <text>x

y
richarD Blogg
101 Dalmations
BYE</text>
      </stdin>
      <expected>
                <text>Hi x
Hi
Hi y
Welcome richarD
Hi 101

</text>
      </expected>
      <extra>
                <text></text>
      </extra>
      <display>
                <text>SHOW</text>
      </display>
    </testcase>
      <testcase useasexample="0" hiderestiffail="0" mark="1.0000000" >
      <testcode>
                <text></text>
      </testcode>
      <stdin>
                <text>Bonk
Bye</text>
      </stdin>
      <expected>
                <text>Hi Bonk</text>
      </expected>
      <extra>
                <text></text>
      </extra>
      <display>
                <text>HIDE</text>
      </display>
    </testcase>
    </testcases>
  </question>

<!-- question: 836  -->
  <question type="coderunner">
    <name>
      <text>Reversing lines</text>
    </name>
    <questiontext format="html">
      <text><![CDATA[<p>Write a C program that repeatedly reads a line from standard input and prints it in reverse until end-of-file occurs. You may assume lines are at most 80 characters in length and that lines are terminated by newline characters ('\n') with no return characters present.</p>]]></text>
    </questiontext>
    <generalfeedback format="html">
      <text></text>
    </generalfeedback>
    <defaultgrade>1.0000000</defaultgrade>
    <penalty>0.3333333</penalty>
    <hidden>0</hidden>
    <coderunnertype>c_program</coderunnertype>
    <prototypetype>0</prototypetype>
    <allornothing>1</allornothing>
    <penaltyregime>0,10,...</penaltyregime>
    <showsource>0</showsource>
    <answerboxlines>20</answerboxlines>
    <answerboxcolumns>80</answerboxcolumns>
    <useace>1</useace>
    <resultcolumns></resultcolumns>
    <answer></answer>
    <combinatortemplate></combinatortemplate>
    <testsplitterre></testsplitterre>
    <enablecombinator></enablecombinator>
    <pertesttemplate></pertesttemplate>
    <language></language>
    <acelang></acelang>
    <sandbox></sandbox>
    <grader></grader>
    <cputimelimitsecs></cputimelimitsecs>
    <memlimitmb></memlimitmb>
    <sandboxparams></sandboxparams>
    <templateparams></templateparams>
    <testcases>
      <testcase useasexample="1" hiderestiffail="0" mark="1.0000000" >
      <testcode>
                <text></text>
      </testcode>
      <stdin>
                <text>Line 1
Line 2
Another line
Boring!</text>
      </stdin>
      <expected>
                <text>1 eniL
2 eniL
enil rehtonA
!gniroB</text>
      </expected>
      <extra>
                <text></text>
      </extra>
      <display>
                <text>SHOW</text>
      </display>
    </testcase>
      <testcase useasexample="0" hiderestiffail="0" mark="1.0000000" >
      <testcode>
                <text></text>
      </testcode>
      <stdin>
                <text>abcdefghijklmnopqrstuvwxyz012345

Yes, that was a blank line there</text>
      </stdin>
      <expected>
                <text>543210zyxwvutsrqponmlkjihgfedcba

ereht enil knalb a saw taht ,seY</text>
      </expected>
      <extra>
                <text></text>
      </extra>
      <display>
                <text>SHOW</text>
      </display>
    </testcase>
      <testcase useasexample="0" hiderestiffail="0" mark="1.0000000" >
      <testcode>
                <text></text>
      </testcode>
      <stdin>
                <text>wow</text>
      </stdin>
      <expected>
                <text>wow</text>
      </expected>
      <extra>
                <text></text>
      </extra>
      <display>
                <text>SHOW</text>
      </display>
    </testcase>
      <testcase useasexample="0" hiderestiffail="0" mark="1.0000000" >
      <testcode>
                <text></text>
      </testcode>
      <stdin>
                <text>oxen
nexo</text>
      </stdin>
      <expected>
                <text>nexo
oxen</text>
      </expected>
      <extra>
                <text></text>
      </extra>
      <display>
                <text>HIDE</text>
      </display>
    </testcase>
      <testcase useasexample="0" hiderestiffail="0" mark="1.0000000" >
      <testcode>
                <text></text>
      </testcode>
      <stdin>
                <text><![CDATA[~!@#$%^&*()_]]></text>
      </stdin>
      <expected>
                <text><![CDATA[_)(*&^%$#@!~]]></text>
      </expected>
      <extra>
                <text></text>
      </extra>
      <display>
                <text>SHOW</text>
      </display>
    </testcase>
    </testcases>
  </question>

<!-- question: 823  -->
  <question type="coderunner">
    <name>
      <text>sqr function</text>
    </name>
    <questiontext format="html">
      <text><![CDATA[<p>Write a Python3 function <i>sqr(n) </i>that returns the square of its numeric parameter <i>n</i>.</p><p>For those who don't know Python, one possible answer is:<br></p>
<pre style="background-color:#DDD">def sqr(n):
    return n * n</pre><p>Copy that answer into the answer box and click <i>Check</i>&nbsp;to see how CodeRunner questions behave. Then try changing the answer in various ways and re-checking.</p>]]></text>
    </questiontext>
    <generalfeedback format="html">
      <text></text>
    </generalfeedback>
    <defaultgrade>1.0000000</defaultgrade>
    <penalty>0.3333333</penalty>
    <hidden>0</hidden>
    <coderunnertype>python3</coderunnertype>
    <prototypetype>0</prototypetype>
    <allornothing>1</allornothing>
    <penaltyregime>0, 10, 20, ...</penaltyregime>
    <showsource>0</showsource>
    <answerboxlines>5</answerboxlines>
    <answerboxcolumns>70</answerboxcolumns>
    <useace>1</useace>
    <resultcolumns></resultcolumns>
    <answer>def sqr(n):
    '''The generic sqr function'''
    return n * n</answer>
    <combinatortemplate></combinatortemplate>
    <testsplitterre></testsplitterre>
    <enablecombinator></enablecombinator>
    <pertesttemplate></pertesttemplate>
    <language></language>
    <acelang></acelang>
    <sandbox></sandbox>
    <grader></grader>
    <cputimelimitsecs></cputimelimitsecs>
    <memlimitmb></memlimitmb>
    <sandboxparams></sandboxparams>
    <templateparams></templateparams>
    <testcases>
      <testcase useasexample="1" hiderestiffail="0" mark="1.0000000" >
      <testcode>
                <text>print(sqr(-3))</text>
      </testcode>
      <stdin>
                <text></text>
      </stdin>
      <expected>
                <text>9</text>
      </expected>
      <extra>
                <text></text>
      </extra>
      <display>
                <text>SHOW</text>
      </display>
    </testcase>
      <testcase useasexample="1" hiderestiffail="0" mark="1.0000000" >
      <testcode>
                <text>print(sqr(11))</text>
      </testcode>
      <stdin>
                <text></text>
      </stdin>
      <expected>
                <text>121</text>
      </expected>
      <extra>
                <text></text>
      </extra>
      <display>
                <text>SHOW</text>
      </display>
    </testcase>
      <testcase useasexample="0" hiderestiffail="0" mark="1.0000000" >
      <testcode>
                <text>print(sqr(-4))</text>
      </testcode>
      <stdin>
                <text></text>
      </stdin>
      <expected>
                <text>16</text>
      </expected>
      <extra>
                <text></text>
      </extra>
      <display>
                <text>SHOW</text>
      </display>
    </testcase>
      <testcase useasexample="0" hiderestiffail="0" mark="1.0000000" >
      <testcode>
                <text>print(sqr(0))</text>
      </testcode>
      <stdin>
                <text></text>
      </stdin>
      <expected>
                <text>0</text>
      </expected>
      <extra>
                <text></text>
      </extra>
      <display>
                <text>SHOW</text>
      </display>
    </testcase>
      <testcase useasexample="0" hiderestiffail="0" mark="1.0000000" >
      <testcode>
                <text>print(sqr(-100))</text>
      </testcode>
      <stdin>
                <text></text>
      </stdin>
      <expected>
                <text>10000</text>
      </expected>
      <extra>
                <text></text>
      </extra>
      <display>
                <text>HIDE</text>
      </display>
    </testcase>
    </testcases>
  </question>

<!-- question: 834  -->
  <question type="description">
    <name>
      <text>C introduction</text>
    </name>
    <questiontext format="html">
      <text><![CDATA[<h3>2. C Examples</h3><p>This page demonstrates some simple C questions. There are two built-in C question types: <i>C function</i>&nbsp;and <i>C program</i>. For <i>C function</i>&nbsp;questions the student is asked to write a C function to some specification (plus possible additional support functions). Tests generally consist of a call to <i>printf</i>&nbsp;with a call to the student's function as the argument, though multiline tests are possible too. The tests are wrapped into a (hidden) main function. &nbsp;<i>C program</i>&nbsp;questions require the student to write a program to some specification, usually involving reading data from standard input or from a file and producing specified output.</p><p>The C compiler is currently set to accept C11 with -Wall and -Werror, so any warnings cause the submission to be marked wrong.</p><p><span>With C function questions&nbsp;</span><i>stdio.h</i>, <i>stdlib.h</i>, <i>ctype.h</i> and <i>string.h</i> are automatically included but no files are included with C program questions.&nbsp;</p>]]></text>
    </questiontext>
    <generalfeedback format="html">
      <text></text>
    </generalfeedback>
    <defaultgrade>0.0000000</defaultgrade>
    <penalty>0.0000000</penalty>
    <hidden>0</hidden>
  </question>

<!-- question: 822  -->
  <question type="description">
    <name>
      <text>Introduction</text>
    </name>
    <questiontext format="html">
      <text><![CDATA[<h2>Some C and Java questions</h2><p>This quiz demonstrates some of the built-in question types in C (questions 1 through 3) and Java (questions 4 through 6). Only simple questions appear in this quiz. A much fuller demonstration of the sorts of questions that can be asked is in the main Python3 demo quiz.</p><p>Normally students develop their code in their favourite editor or IDE and then, when they think it's correct, paste it into the answer boxes. That way they avoid any submission penalties due to trivial syntax or logic errors. However, with simple questions, such as in this quiz, it's often possible to develop code directly within the browser. To make such development a little less daunting, all questions in this quiz are set to allow one free erroneous submission, after which a 10% penalty is applied for each wrong submission.</p>]]></text>
    </questiontext>
    <generalfeedback format="html">
      <text></text>
    </generalfeedback>
    <defaultgrade>0.0000000</defaultgrade>
    <penalty>0.0000000</penalty>
    <hidden>0</hidden>
  </question>

<!-- question: 851  -->
  <question type="description">
    <name>
      <text>Java questions</text>
    </name>
    <questiontext format="html">
      <text><![CDATA[<p>There are three different Java question types built in to CodeRunner:</p><p></p><ol><li>Write a method. Here the student is invited to write a stand-alone method (essentially a function) to perform some simple task with its parameters, either printing something or returning some value. This sort of question is useful for rank beginners, who are still learning basic Java syntax and control structures.</li><li>Write a class. Here the student writes a single class that satisfies some specification.</li><li>Write a program. Here the student writes an entire program in the form of a public&nbsp;class with a <i>public static void main </i>method, which performs some computation (usually involving standard input or a specified file).</li></ol>One of each of these questions is given below.<p></p>]]></text>
    </questiontext>
    <generalfeedback format="html">
      <text></text>
    </generalfeedback>
    <defaultgrade>0.0000000</defaultgrade>
    <penalty>0.0000000</penalty>
    <hidden>0</hidden>
  </question>

</quiz>